{"cameraMode":{"drawMode":0,"name":"Shaded","section":"Shading Mode"},"sceneLighting":false,"audioPlay":false,"sceneViewState":{"showFog":true,"showMaterialUpdate":false,"showSkybox":true,"showFlares":true,"showImageEffects":true,"showParticleSystems":true},"in2DMode":false,"pivot":{"x":2.9723124504089357,"y":-0.6509807109832764,"z":2.7661938667297365},"rotation":{"x":0.2045118659734726,"y":0.3459341526031494,"z":-0.07753930240869522,"w":0.91241055727005},"size":5.302704811096191,"orthographic":false}