{"cameraMode":{"drawMode":0,"name":"Shaded","section":"Shading Mode"},"sceneLighting":false,"audioPlay":false,"sceneViewState":{"showFog":true,"showMaterialUpdate":false,"showSkybox":true,"showFlares":true,"showImageEffects":true,"showParticleSystems":true},"in2DMode":false,"pivot":{"x":0.45268821716308596,"y":0.3162879943847656,"z":-0.7352892160415649},"rotation":{"x":0.1412750780582428,"y":0.6341562271118164,"z":-0.119332455098629,"w":0.7507641315460205},"size":3.654479503631592,"orthographic":false}