{"cameraMode":{"drawMode":0,"name":"Shaded","section":"Shading Mode"},"sceneLighting":false,"audioPlay":false,"sceneViewState":{"showFog":true,"showMaterialUpdate":false,"showSkybox":true,"showFlares":true,"showImageEffects":true,"showParticleSystems":true},"in2DMode":false,"pivot":{"x":0.0,"y":1.1699999570846558,"z":-1.3839999437332154},"rotation":{"x":0.13606852293014527,"y":-0.010998586192727089,"z":0.0015106365317478777,"w":0.9906411170959473},"size":3.634640693664551,"orthographic":false}