{"cameraMode":{"drawMode":0,"name":"Shaded","section":"Shading Mode"},"sceneLighting":false,"audioPlay":false,"sceneViewState":{"showFog":true,"showMaterialUpdate":false,"showSkybox":true,"showFlares":true,"showImageEffects":true,"showParticleSystems":true},"in2DMode":false,"pivot":{"x":1.6255146265029908,"y":-0.8549392223358154,"z":4.046794414520264},"rotation":{"x":0.14826491475105287,"y":0.12366534024477005,"z":-0.0186902042478323,"w":0.9810079336166382},"size":4.402704238891602,"orthographic":false}